<?xml version="1.0" encoding="UTF-8"?><?xml-stylesheet type='text/xsl' href='_UpgradeReport_Files/UpgradeReport.xslt'?><UpgradeLog>
<Properties><Property Name="Solution" Value="HelloWorld_vc8">
</Property><Property Name="ソリューション ファイル" Value="C:\Users\yoshikai\workspace\HelloWorld\HelloWorld_vc8.sln">
</Property><Property Name="Date" Value="2011年4月25日">
</Property><Property Name="Time" Value="23:04">
</Property></Properties><Event ErrorLevel="0" Project="" Source="HelloWorld_vc8.sln" Description="ファイルは正常に C:\Users\yoshikai\workspace\HelloWorld\HelloWorld_vc8.sln.old としてバックアップされました。">
</Event><Event ErrorLevel="2" Project="HelloWorldComp_vc8" Source="HelloWorldComp_vc8.vcproj" Description="XML 解析中に次のエラーが発生しました:&#xA;&#xA;ファイル: C:\Users\yoshikai\workspace\HelloWorld\HelloWorldComp_vc8.vcproj&#xA;行: 25&#xA;列: 4&#xA;エラー メッセージ:&#xA;プロパティ シート ファイル '$(SolutionDir)rtm_config.vsprops' が見つからないか、または読み込めませんでした。&#xA;ファイル 'C:\Users\yoshikai\workspace\HelloWorld\HelloWorldComp_vc8.vcproj' を読み込めませんでした。">
</Event><Event ErrorLevel="2" Project="HelloWorldComp_vc8" Source="HelloWorldComp_vc8.vcproj" Description="プロジェクトはアップグレードに失敗しました。">
</Event><Event ErrorLevel="3" Project="HelloWorldComp_vc8" Source="HelloWorldComp_vc8.vcproj" Description="未変換">
</Event><Event ErrorLevel="2" Project="HelloWorld_vc8" Source="HelloWorld_vc8.vcproj" Description="XML 解析中に次のエラーが発生しました:&#xA;&#xA;ファイル: C:\Users\yoshikai\workspace\HelloWorld\HelloWorld_vc8.vcproj&#xA;行: 26&#xA;列: 4&#xA;エラー メッセージ:&#xA;プロパティ シート ファイル '$(SolutionDir)rtm_config.vsprops' が見つからないか、または読み込めませんでした。&#xA;ファイル 'C:\Users\yoshikai\workspace\HelloWorld\HelloWorld_vc8.vcproj' を読み込めませんでした。">
</Event><Event ErrorLevel="2" Project="HelloWorld_vc8" Source="HelloWorld_vc8.vcproj" Description="プロジェクトはアップグレードに失敗しました。">
</Event><Event ErrorLevel="3" Project="HelloWorld_vc8" Source="HelloWorld_vc8.vcproj" Description="未変換">
</Event><Event ErrorLevel="0" Project="" Source="HelloWorld_vc8.sln" Description="ソリューションは正常に変換されました">
</Event><Event ErrorLevel="3" Project="" Source="HelloWorld_vc8.sln" Description="Converted">
</Event></UpgradeLog>